Workbook

Sheet Assumptions
A1: Throne of Tides Balance Model
A2: Every stat is read from the live game assets. Yellow cells with blue text are model assumptions you can change.
A4: Input | B4: Value | C4: Notes
A5: Damage per mana (instant baseline) | B5: 2 | C5: Cannonball, Whale Ram and Lightning all sit on this line
A6: Expected battle length (player turns) | B6: 10 | C6: A 27 card deck at about 2.5 cards per turn lasts 10 to 11 turns
A7: HP to damage equivalence | B7: 1 | C7: 1 HP of survival is treated as worth 1 point of damage
A8: Player starting HP | B8: 30 | C8: GameConfigSO
A9: Player starting max mana | B9: 3 | C9: GameConfigSO
A10: Hand size | B10: 4 | C10: GameConfigSO
A11: Base storage capacity | B11: 80 | C11: GameConfigSO
A12: Enemy reaction chance cap | B12: 0.75 | C12: CaptainSO.ChooseReaction

Sheet Cards
A1: Card Values
A2: Total Damage counts DOT over its full duration. Torch is shown without Gunpowder, see the Combo sheet.
A4: Card | B4: Type | C4: Mana | D4: Storage | E4: HP Cost | F4: Copies | G4: Instant Damage | H4: DOT per Round | I4: DOT Rounds | J4: Total Damage | K4: Damage per Mana | L4: Damage per Storage | M4: Vs Baseline | O4: Chart: Card | P4: Damage per Mana
A5: Pistol | B5: Weapon | C5: 0 | D5: 1 | E5: 0 | F5: Any | G5: 1 | H5: 0 | I5: 0 | J5: =G5+H5*I5 | K5: =IF(AND(ISNUMBER(C5),C5>0,J5>0),J5/C5,"") | L5: =IF(J5>0,J5/D5,"") | M5: =IF(K5="","",K5/Assumptions!$B$5) | O5: =A6 | P5: =K6
A6: Cannonball | B6: Weapon | C6: 1 | D6: 1 | E6: 0 | F6: Any | G6: 2 | H6: 0 | I6: 0 | J6: =G6+H6*I6 | K6: =IF(AND(ISNUMBER(C6),C6>0,J6>0),J6/C6,"") | L6: =IF(J6>0,J6/D6,"") | M6: =IF(K6="","",K6/Assumptions!$B$5) | O6: =A7 | P6: =K7
A7: Chain Shot | B7: Weapon | C7: 2 | D7: 3 | E7: 0 | F7: Any | G7: 3 | H7: 0 | I7: 0 | J7: =G7+H7*I7 | K7: =IF(AND(ISNUMBER(C7),C7>0,J7>0),J7/C7,"") | L7: =IF(J7>0,J7/D7,"") | M7: =IF(K7="","",K7/Assumptions!$B$5) | O7: =A8 | P7: =K8
A8: Tidal Wave | B8: Weapon | C8: 2 | D8: 3 | E8: 0 | F8: Any | G8: 3 | H8: 0 | I8: 0 | J8: =G8+H8*I8 | K8: =IF(AND(ISNUMBER(C8),C8>0,J8>0),J8/C8,"") | L8: =IF(J8>0,J8/D8,"") | M8: =IF(K8="","",K8/Assumptions!$B$5) | O8: =A9 | P8: =K9
A9: Whale Ram | B9: Weapon | C9: 3 | D9: 3 | E9: 0 | F9: Any | G9: 6 | H9: 0 | I9: 0 | J9: =G9+H9*I9 | K9: =IF(AND(ISNUMBER(C9),C9>0,J9>0),J9/C9,"") | L9: =IF(J9>0,J9/D9,"") | M9: =IF(K9="","",K9/Assumptions!$B$5) | O9: =A10 | P9: =K10
A10: Lightning | B10: Weapon | C10: 4 | D10: 6 | E10: 0 | F10: Any | G10: 8 | H10: 0 | I10: 0 | J10: =G10+H10*I10 | K10: =IF(AND(ISNUMBER(C10),C10>0,J10>0),J10/C10,"") | L10: =IF(J10>0,J10/D10,"") | M10: =IF(K10="","",K10/Assumptions!$B$5) | O10: =A11 | P10: =K11
A11: The Kraken | B11: Weapon | C11: 5 | D11: 12 | E11: 4 | F11: 1 | G11: 20 | H11: 0 | I11: 0 | J11: =G11+H11*I11 | K11: =IF(AND(ISNUMBER(C11),C11>0,J11>0),J11/C11,"") | L11: =IF(J11>0,J11/D11,"") | M11: =IF(K11="","",K11/Assumptions!$B$5) | O11: =A13 | P11: =K13
A12: Gunpowder Barrel | B12: Combo | C12: 1 | D12: 2 | E12: 0 | F12: Any | G12: 0 | H12: 0 | I12: 0 | J12: =G12+H12*I12 | K12: =IF(AND(ISNUMBER(C12),C12>0,J12>0),J12/C12,"") | L12: =IF(J12>0,J12/D12,"") | M12: =IF(K12="","",K12/Assumptions!$B$5) | O12: =A14 | P12: =K14
A13: Torch | B13: Combo | C13: 2 | D13: 4 | E13: 0 | F13: Any | G13: 1 | H13: 0 | I13: 0 | J13: =G13+H13*I13 | K13: =IF(AND(ISNUMBER(C13),C13>0,J13>0),J13/C13,"") | L13: =IF(J13>0,J13/D13,"") | M13: =IF(K13="","",K13/Assumptions!$B$5) | O13: =A15 | P13: =K15
A14: Hail Storm | B14: DOT | C14: 3 | D14: 3 | E14: 0 | F14: Any | G14: 0 | H14: 3 | I14: 3 | J14: =G14+H14*I14 | K14: =IF(AND(ISNUMBER(C14),C14>0,J14>0),J14/C14,"") | L14: =IF(J14>0,J14/D14,"") | M14: =IF(K14="","",K14/Assumptions!$B$5)
A15: Whirlpool | B15: DOT | C15: 4 | D15: 5 | E15: 0 | F15: Any | G15: 0 | H15: 4 | I15: 3 | J15: =G15+H15*I15 | K15: =IF(AND(ISNUMBER(C15),C15>0,J15>0),J15/C15,"") | L15: =IF(J15>0,J15/D15,"") | M15: =IF(K15="","",K15/Assumptions!$B$5)
A16: Essence Plunder | B16: Action | C16: 0 | D16: 6 | E16: 3 | F16: 2 | G16: 0 | H16: 0 | I16: 0 | J16: =G16+H16*I16 | K16: =IF(AND(ISNUMBER(C16),C16>0,J16>0),J16/C16,"") | L16: =IF(J16>0,J16/D16,"") | M16: =IF(K16="","",K16/Assumptions!$B$5)
A17: Recon Parrot | B17: Action | C17: 1 | D17: 2 | E17: 0 | F17: Any | G17: 0 | H17: 0 | I17: 0 | J17: =G17+H17*I17 | K17: =IF(AND(ISNUMBER(C17),C17>0,J17>0),J17/C17,"") | L17: =IF(J17>0,J17/D17,"") | M17: =IF(K17="","",K17/Assumptions!$B$5)
A18: Rum | B18: Action | C18: 1 | D18: 2 | E18: 0 | F18: Any | G18: 0 | H18: 0 | I18: 0 | J18: =G18+H18*I18 | K18: =IF(AND(ISNUMBER(C18),C18>0,J18>0),J18/C18,"") | L18: =IF(J18>0,J18/D18,"") | M18: =IF(K18="","",K18/Assumptions!$B$5)
A19: Monkey Grab | B19: Action | C19: 2 | D19: 3 | E19: 0 | F19: Any | G19: 0 | H19: 0 | I19: 0 | J19: =G19+H19*I19 | K19: =IF(AND(ISNUMBER(C19),C19>0,J19>0),J19/C19,"") | L19: =IF(J19>0,J19/D19,"") | M19: =IF(K19="","",K19/Assumptions!$B$5)
A20: Treasure Chest | B20: Action | C20: 2 | D20: 5 | E20: 0 | F20: Any | G20: 0 | H20: 0 | I20: 0 | J20: =G20+H20*I20 | K20: =IF(AND(ISNUMBER(C20),C20>0,J20>0),J20/C20,"") | L20: =IF(J20>0,J20/D20,"") | M20: =IF(K20="","",K20/Assumptions!$B$5)
A21: High Spirits | B21: Action | C21: 3 | D21: 3 | E21: 0 | F21: Any | G21: 0 | H21: 0 | I21: 0 | J21: =G21+H21*I21 | K21: =IF(AND(ISNUMBER(C21),C21>0,J21>0),J21/C21,"") | L21: =IF(J21>0,J21/D21,"") | M21: =IF(K21="","",K21/Assumptions!$B$5)
A22: Locker's Return | B22: Action | C22: 3 | D22: 4 | E22: 0 | F22: Any | G22: 0 | H22: 0 | I22: 0 | J22: =G22+H22*I22 | K22: =IF(AND(ISNUMBER(C22),C22>0,J22>0),J22/C22,"") | L22: =IF(J22>0,J22/D22,"") | M22: =IF(K22="","",K22/Assumptions!$B$5)
A23: Siren Song | B23: Action | C23: 3 | D23: 4 | E23: 0 | F23: Any | G23: 0 | H23: 0 | I23: 0 | J23: =G23+H23*I23 | K23: =IF(AND(ISNUMBER(C23),C23>0,J23>0),J23/C23,"") | L23: =IF(J23>0,J23/D23,"") | M23: =IF(K23="","",K23/Assumptions!$B$5)
A24: Counter Gale | B24: Reaction | C24: - | D24: 7 | E24: 0 | F24: 2 | G24: 0 | H24: 0 | I24: 0 | J24: =G24+H24*I24 | K24: =IF(AND(ISNUMBER(C24),C24>0,J24>0),J24/C24,"") | L24: =IF(J24>0,J24/D24,"") | M24: =IF(K24="","",K24/Assumptions!$B$5)
A25: Dead Man's Turn | B25: Reaction | C25: - | D25: 8 | E25: 0 | F25: 2 | G25: 0 | H25: 0 | I25: 0 | J25: =G25+H25*I25 | K25: =IF(AND(ISNUMBER(C25),C25>0,J25>0),J25/C25,"") | L25: =IF(J25>0,J25/D25,"") | M25: =IF(K25="","",K25/Assumptions!$B$5)

Sheet Gunpowder Combo
A1: Gunpowder and Torch
A2: Torch ignites for Combo Damage plus Stack Bonus per stack beyond the first. Max stack is 4.
A4: Torch base combo damage | B4: 8
A5: Damage per extra stack | B5: 2
A6: Barrel mana | B6: 1
A7: Torch mana | B7: 2
A10: Stacks | B10: Barrels Played | C10: Total Mana | D10: Torch Damage | E10: Damage per Mana | F10: Vs Baseline
A11: 1 | B11: 1 | C11: =B11*$B$6+$B$7 | D11: =$B$4+(A11-1)*$B$5 | E11: =D11/C11 | F11: =E11/Assumptions!$B$5
A12: 2 | B12: 2 | C12: =B12*$B$6+$B$7 | D12: =$B$4+(A12-1)*$B$5 | E12: =D12/C12 | F12: =E12/Assumptions!$B$5
A13: 3 | B13: 3 | C13: =B13*$B$6+$B$7 | D13: =$B$4+(A13-1)*$B$5 | E13: =D13/C13 | F13: =E13/Assumptions!$B$5
A14: 4 | B14: 4 | C14: =B14*$B$6+$B$7 | D14: =$B$4+(A14-1)*$B$5 | E14: =D14/C14 | F14: =E14/Assumptions!$B$5
A16: Reading: one stack already beats the instant baseline because the combo takes two turns of setup and can be lost. Every extra stack is a cheaper damage increment, which rewards committing to the plan.

Sheet Captain Decks
A1: Captain Deck Lists
A2: Damage per copy is looked up from the Cards sheet.
A4: Captain | B4: Card | C4: Count | D4: Mana | E4: Damage per Copy | F4: Total Damage | G4: Total Mana
A5: Captain Rumboat | B5: Pistol | C5: 2 | D5: =VLOOKUP(B5,Cards!$A$5:$M$25,3,FALSE) | E5: =VLOOKUP(B5,Cards!$A$5:$M$25,10,FALSE) | F5: =C5*E5 | G5: =IF(ISNUMBER(D5),C5*D5,0)
A6: Captain Rumboat | B6: Cannonball | C6: 2 | D6: =VLOOKUP(B6,Cards!$A$5:$M$25,3,FALSE) | E6: =VLOOKUP(B6,Cards!$A$5:$M$25,10,FALSE) | F6: =C6*E6 | G6: =IF(ISNUMBER(D6),C6*D6,0)
A7: Captain Rumboat | B7: Chain Shot | C7: 3 | D7: =VLOOKUP(B7,Cards!$A$5:$M$25,3,FALSE) | E7: =VLOOKUP(B7,Cards!$A$5:$M$25,10,FALSE) | F7: =C7*E7 | G7: =IF(ISNUMBER(D7),C7*D7,0)
A8: Captain Rumboat | B8: Whale Ram | C8: 4 | D8: =VLOOKUP(B8,Cards!$A$5:$M$25,3,FALSE) | E8: =VLOOKUP(B8,Cards!$A$5:$M$25,10,FALSE) | F8: =C8*E8 | G8: =IF(ISNUMBER(D8),C8*D8,0)
A9: Captain Rumboat | B9: Gunpowder Barrel | C9: 4 | D9: =VLOOKUP(B9,Cards!$A$5:$M$25,3,FALSE) | E9: =VLOOKUP(B9,Cards!$A$5:$M$25,10,FALSE) | F9: =C9*E9 | G9: =IF(ISNUMBER(D9),C9*D9,0)
A10: Captain Rumboat | B10: Torch | C10: 4 | D10: =VLOOKUP(B10,Cards!$A$5:$M$25,3,FALSE) | E10: =VLOOKUP(B10,Cards!$A$5:$M$25,10,FALSE) | F10: =C10*E10 | G10: =IF(ISNUMBER(D10),C10*D10,0)
A11: Captain Rumboat | B11: Monkey Grab | C11: 3 | D11: =VLOOKUP(B11,Cards!$A$5:$M$25,3,FALSE) | E11: =VLOOKUP(B11,Cards!$A$5:$M$25,10,FALSE) | F11: =C11*E11 | G11: =IF(ISNUMBER(D11),C11*D11,0)
A12: Captain Rumboat | B12: Hail Storm | C12: 2 | D12: =VLOOKUP(B12,Cards!$A$5:$M$25,3,FALSE) | E12: =VLOOKUP(B12,Cards!$A$5:$M$25,10,FALSE) | F12: =C12*E12 | G12: =IF(ISNUMBER(D12),C12*D12,0)
A13: Captain Rumboat | B13: Lightning | C13: 2 | D13: =VLOOKUP(B13,Cards!$A$5:$M$25,3,FALSE) | E13: =VLOOKUP(B13,Cards!$A$5:$M$25,10,FALSE) | F13: =C13*E13 | G13: =IF(ISNUMBER(D13),C13*D13,0)
A14: Captain Rumboat | B14: Counter Gale | C14: 1 | D14: =VLOOKUP(B14,Cards!$A$5:$M$25,3,FALSE) | E14: =VLOOKUP(B14,Cards!$A$5:$M$25,10,FALSE) | F14: =C14*E14 | G14: =IF(ISNUMBER(D14),C14*D14,0)
A15: Captain Rumboat | B15: Dead Man's Turn | C15: 1 | D15: =VLOOKUP(B15,Cards!$A$5:$M$25,3,FALSE) | E15: =VLOOKUP(B15,Cards!$A$5:$M$25,10,FALSE) | F15: =C15*E15 | G15: =IF(ISNUMBER(D15),C15*D15,0)
A16: Captain Rumboat | B16: Treasure Chest | C16: 1 | D16: =VLOOKUP(B16,Cards!$A$5:$M$25,3,FALSE) | E16: =VLOOKUP(B16,Cards!$A$5:$M$25,10,FALSE) | F16: =C16*E16 | G16: =IF(ISNUMBER(D16),C16*D16,0)
... A44: Captain Nurgle | B44: Monkey Grab | C44: 1 | D44: =VLOOKUP(B44,Cards!$A$5:$M$25,3,FALSE) | E44: =VLOOKUP(B44,Cards!$A$5:$M$25,10,FALSE) | F44: =C44*E44 | G44: =IF(ISNUMBER(D44),C44*D44,0)

Sheet Captains
A1: Captains and Difficulty Curve
A2: Reaction chance = MIN(cap, weight / 2), the formula used by CaptainSO.ChooseReaction.
A4: Level | B4: Captain | C4: HP | D4: Max Mana | E4: Deck Size | F4: Deck Damage (no combo) | G4: Avg Mana per Card | H4: Dead Man's Turn Weight | I4: Dead Man's Turn Chance | J4: Counter Gale Weight | K4: Counter Gale Chance | L4: Play Around Reactions | M4: Kraken Weight | N4: Coins (High HP) | O4: Reward Cards
A5: 1 | B5: Captain Rumboat | C5: 40 | D5: 4 | E5: =SUMIF('Captain Decks'!$A$5:$A$44,B5,'Captain Decks'!$C$5:$C$44) | F5: =SUMIF('Captain Decks'!$A$5:$A$44,B5,'Captain Decks'!$F$5:$F$44) | G5: =SUMIF('Captain Decks'!$A$5:$A$44,B5,'Captain Decks'!$G$5:$G$44)/E5 | H5: 0.2 | I5: =MIN(Assumptions!$B$12,H5/2) | J5: 0 | K5: =MIN(Assumptions!$B$12,J5/2) | L5: 0 | M5: 0 | N5: 30 | O5: Lightning
A6: 2 | B6: Captain Loreley | C6: 50 | D6: 4 | E6: =SUMIF('Captain Decks'!$A$5:$A$44,B6,'Captain Decks'!$C$5:$C$44) | F6: =SUMIF('Captain Decks'!$A$5:$A$44,B6,'Captain Decks'!$F$5:$F$44) | G6: =SUMIF('Captain Decks'!$A$5:$A$44,B6,'Captain Decks'!$G$5:$G$44)/E6 | H6: 1.8 | I6: =MIN(Assumptions!$B$12,H6/2) | J6: 1.2 | K6: =MIN(Assumptions!$B$12,J6/2) | L6: 1.8 | M6: 0 | N6: 45 | O6: Whirlpool, Siren Song
A7: 3 | B7: Captain Nurgle | C7: 60 | D7: 5 | E7: =SUMIF('Captain Decks'!$A$5:$A$44,B7,'Captain Decks'!$C$5:$C$44) | F7: =SUMIF('Captain Decks'!$A$5:$A$44,B7,'Captain Decks'!$F$5:$F$44) | G7: =SUMIF('Captain Decks'!$A$5:$A$44,B7,'Captain Decks'!$G$5:$G$44)/E7 | H7: 0.3 | I7: =MIN(Assumptions!$B$12,H7/2) | J7: 1.3 | K7: =MIN(Assumptions!$B$12,J7/2) | L7: 0.5 | M7: 3 | N7: 60 | O7: The Kraken, Essence Plunder
A10: Kraken Weight is shown as 0 for captains whose deck has no Kraken, since the weight never applies. Deck Damage leaves out Gunpowder combo damage, which depends on how many stacks land.

Sheet Starter Deck
A1: Starter Deck
A2: None of the five reward cards are included.
A4: Card | B4: Count | C4: Type | D4: Mana | E4: Storage | F4: Storage Used | G4: Total Damage
A5: Pistol | B5: 2 | C5: =VLOOKUP(A5,Cards!$A$5:$M$25,2,FALSE) | D5: =VLOOKUP(A5,Cards!$A$5:$M$25,3,FALSE) | E5: =VLOOKUP(A5,Cards!$A$5:$M$25,4,FALSE) | F5: =B5*E5 | G5: =B5*VLOOKUP(A5,Cards!$A$5:$M$25,10,FALSE)
A6: Cannonball | B6: 3 | C6: =VLOOKUP(A6,Cards!$A$5:$M$25,2,FALSE) | D6: =VLOOKUP(A6,Cards!$A$5:$M$25,3,FALSE) | E6: =VLOOKUP(A6,Cards!$A$5:$M$25,4,FALSE) | F6: =B6*E6 | G6: =B6*VLOOKUP(A6,Cards!$A$5:$M$25,10,FALSE)
A7: Chain Shot | B7: 2 | C7: =VLOOKUP(A7,Cards!$A$5:$M$25,2,FALSE) | D7: =VLOOKUP(A7,Cards!$A$5:$M$25,3,FALSE) | E7: =VLOOKUP(A7,Cards!$A$5:$M$25,4,FALSE) | F7: =B7*E7 | G7: =B7*VLOOKUP(A7,Cards!$A$5:$M$25,10,FALSE)
A8: Tidal Wave | B8: 1 | C8: =VLOOKUP(A8,Cards!$A$5:$M$25,2,FALSE) | D8: =VLOOKUP(A8,Cards!$A$5:$M$25,3,FALSE) | E8: =VLOOKUP(A8,Cards!$A$5:$M$25,4,FALSE) | F8: =B8*E8 | G8: =B8*VLOOKUP(A8,Cards!$A$5:$M$25,10,FALSE)
A9: Whale Ram | B9: 3 | C9: =VLOOKUP(A9,Cards!$A$5:$M$25,2,FALSE) | D9: =VLOOKUP(A9,Cards!$A$5:$M$25,3,FALSE) | E9: =VLOOKUP(A9,Cards!$A$5:$M$25,4,FALSE) | F9: =B9*E9 | G9: =B9*VLOOKUP(A9,Cards!$A$5:$M$25,10,FALSE)
A10: Gunpowder Barrel | B10: 3 | C10: =VLOOKUP(A10,Cards!$A$5:$M$25,2,FALSE) | D10: =VLOOKUP(A10,Cards!$A$5:$M$25,3,FALSE) | E10: =VLOOKUP(A10,Cards!$A$5:$M$25,4,FALSE) | F10: =B10*E10 | G10: =B10*VLOOKUP(A10,Cards!$A$5:$M$25,10,FALSE)
A11: Torch | B11: 2 | C11: =VLOOKUP(A11,Cards!$A$5:$M$25,2,FALSE) | D11: =VLOOKUP(A11,Cards!$A$5:$M$25,3,FALSE) | E11: =VLOOKUP(A11,Cards!$A$5:$M$25,4,FALSE) | F11: =B11*E11 | G11: =B11*VLOOKUP(A11,Cards!$A$5:$M$25,10,FALSE)
A12: Hail Storm | B12: 2 | C12: =VLOOKUP(A12,Cards!$A$5:$M$25,2,FALSE) | D12: =VLOOKUP(A12,Cards!$A$5:$M$25,3,FALSE) | E12: =VLOOKUP(A12,Cards!$A$5:$M$25,4,FALSE) | F12: =B12*E12 | G12: =B12*VLOOKUP(A12,Cards!$A$5:$M$25,10,FALSE)
A13: Rum | B13: 2 | C13: =VLOOKUP(A13,Cards!$A$5:$M$25,2,FALSE) | D13: =VLOOKUP(A13,Cards!$A$5:$M$25,3,FALSE) | E13: =VLOOKUP(A13,Cards!$A$5:$M$25,4,FALSE) | F13: =B13*E13 | G13: =B13*VLOOKUP(A13,Cards!$A$5:$M$25,10,FALSE)
A14: High Spirits | B14: 2 | C14: =VLOOKUP(A14,Cards!$A$5:$M$25,2,FALSE) | D14: =VLOOKUP(A14,Cards!$A$5:$M$25,3,FALSE) | E14: =VLOOKUP(A14,Cards!$A$5:$M$25,4,FALSE) | F14: =B14*E14 | G14: =B14*VLOOKUP(A14,Cards!$A$5:$M$25,10,FALSE)
A15: Monkey Grab | B15: 1 | C15: =VLOOKUP(A15,Cards!$A$5:$M$25,2,FALSE) | D15: =VLOOKUP(A15,Cards!$A$5:$M$25,3,FALSE) | E15: =VLOOKUP(A15,Cards!$A$5:$M$25,4,FALSE) | F15: =B15*E15 | G15: =B15*VLOOKUP(A15,Cards!$A$5:$M$25,10,FALSE)
A16: Treasure Chest | B16: 1 | C16: =VLOOKUP(A16,Cards!$A$5:$M$25,2,FALSE) | D16: =VLOOKUP(A16,Cards!$A$5:$M$25,3,FALSE) | E16: =VLOOKUP(A16,Cards!$A$5:$M$25,4,FALSE) | F16: =B16*E16 | G16: =B16*VLOOKUP(A16,Cards!$A$5:$M$25,10,FALSE)
... A19: Counter Gale | B19: 1 | C19: =VLOOKUP(A19,Cards!$A$5:$M$25,2,FALSE) | D19: =VLOOKUP(A19,Cards!$A$5:$M$25,3,FALSE) | E19: =VLOOKUP(A19,Cards!$A$5:$M$25,4,FALSE) | F19: =B19*E19 | G19: =B19*VLOOKUP(A19,Cards!$A$5:$M$25,10,FALSE)
A20: Total | B20: =SUM(B5:B19) | F20: =SUM(F5:F19) | G20: =SUM(G5:G19)
A22: Summary | B22: Value
A23: Storage used | B23: =F20
A24: Base storage capacity | B24: =Assumptions!$B$11
A25: Storage left | B25: =B24-B23
A26: Cards | B26: =B20
A27: Damage without combos | B27: =G20
A28: Gunpowder combo damage (two ignitions at 1 and 2 stacks) | B28: ='Gunpowder Combo'!D11+'Gunpowder Combo'!D12
A29: Estimated total damage | B29: =B27+B28
A31: Mana Curve | B31: Cards
A32: 0 | B32: =SUMIF(D5:D19,0,B5:B19)
A33: 1 | B33: =SUMIF(D5:D19,1,B5:B19)
A34: 2 | B34: =SUMIF(D5:D19,2,B5:B19)
A35: 3 | B35: =SUMIF(D5:D19,3,B5:B19)
A36: Reaction (-) | B36: =SUMIF(D5:D19,"-",B5:B19)

Sheet Economy
A1: Rewards and Upgrades
A2: A loss pays half the coin reward, rounded down. HP bands: above 20, 10 to 20, below 10.
A4: Level | B4: Captain | C4: Win (High HP) | D4: Win (Mid HP) | E4: Win (Low HP) | F4: Loss (High HP) | G4: Loss (Low HP)
A5: 1 | B5: Captain Rumboat | C5: 30 | D5: 20 | E5: 10 | F5: =FLOOR(C5/2,1) | G5: =FLOOR(E5/2,1)
A6: 2 | B6: Captain Loreley | C6: 45 | D6: 30 | E6: 15 | F6: =FLOOR(C6/2,1) | G6: =FLOOR(E6/2,1)
A7: 3 | B7: Captain Nurgle | C7: 60 | D7: 40 | E7: 20 | F7: =FLOOR(C7/2,1) | G7: =FLOOR(E7/2,1)
B8: First full clear | C8: =SUM(C5:C7) | D8: =SUM(D5:D7) | E8: =SUM(E5:E7)
A11: Upgrade | B11: Level | C11: Value Gained | D11: Coin Cost | E11: Cumulative Cost | F11: Damage Equivalent | G11: Value per 100 Coins
A12: Health | B12: 1 | C12: 5 | D12: 25 | E12: =D12 | F12: =C12*Assumptions!$B$7 | G12: =IF(ISNUMBER(F12),F12/D12*100,"")
A13: Health | B13: 2 | C13: 8 | D13: 45 | E13: =E12+D13 | F13: =C13*Assumptions!$B$7 | G13: =IF(ISNUMBER(F13),F13/D13*100,"")
A14: Health | B14: 3 | C14: 12 | D14: 70 | E14: =E13+D14 | F14: =C14*Assumptions!$B$7 | G14: =IF(ISNUMBER(F14),F14/D14*100,"")
A15: Mana | B15: 1 | C15: 1 | D15: 45 | E15: =D15 | F15: =C15*Assumptions!$B$5*Assumptions!$B$6 | G15: =IF(ISNUMBER(F15),F15/D15*100,"")
A16: Mana | B16: 2 | C16: 1 | D16: 90 | E16: =E15+D16 | F16: =C16*Assumptions!$B$5*Assumptions!$B$6 | G16: =IF(ISNUMBER(F16),F16/D16*100,"")
A17: Mana | B17: 3 | C17: 1 | D17: 150 | E17: =E16+D17 | F17: =C17*Assumptions!$B$5*Assumptions!$B$6 | G17: =IF(ISNUMBER(F17),F17/D17*100,"")
A18: Storage | B18: 1 | C18: 20 | D18: 15 | E18: =D18 | F18: Deck building room | G18: =IF(ISNUMBER(F18),F18/D18*100,"")
A19: Storage | B19: 2 | C19: 30 | D19: 30 | E19: =E18+D19 | F19: Deck building room | G19: =IF(ISNUMBER(F19),F19/D19*100,"")
A20: Storage | B20: 3 | C20: 40 | D20: 50 | E20: =E19+D20 | F20: Deck building room | G20: =IF(ISNUMBER(F20),F20/D20*100,"")
A22: Total to max every upgrade | B22: =SUM(D12:D20)
A23: Coins left after one full clear at high HP | B23: =B22-C8
A24: Extra high HP wins against Nurgle to max everything | B24: =ROUNDUP(B23/C7,0)
A26: Reading: the first Mana level is the best value in the shop, and Mana's value per coin drops with every level until Health overtakes it at Mana level 3, so the shop stays a real choice after the first purchase. Storage has no direct battle value and is priced lowest. Its first level (15 coins) is affordable from a single Level 1 win, which matters because the starter deck fills the base storage exactly.
